{
  "model_name": "logistic_regression",
  "best_params": {
    "C": 0.01,
    "penalty": "l2"
  },
  "selected_features": [
    "loudness_sma3_percentile20.0",
    "loudness_sma3_percentile50.0",
    "loudness_sma3_percentile80.0",
    "mfcc2_sma3_amean",
    "mfcc3_sma3_amean",
    "logRelF0-H1-H2_sma3nz_amean",
    "F2amplitudeLogRelF0_sma3nz_stddevNorm",
    "F3amplitudeLogRelF0_sma3nz_stddevNorm",
    "alphaRatioV_sma3nz_amean",
    "hammarbergIndexV_sma3nz_amean",
    "slopeV0-500_sma3nz_amean",
    "mfcc1V_sma3nz_stddevNorm",
    "mfcc2V_sma3nz_amean",
    "slopeUV0-500_sma3nz_amean",
    "slopeUV500-1500_sma3nz_amean"
  ],
  "n_features": 15,
  "metrics": {
    "f1_mean": 0.4980288454505315,
    "f1_std": 0.15343919794309843,
    "roc_auc_mean": 0.5363738842375001,
    "roc_auc_std": 0.0826071138181094,
    "pr_auc_mean": 0.5323352538566313,
    "pr_auc_std": 0.1842018988508688,
    "sensitivity": 0.5055248980895592,
    "specificity": 0.5559509530880025
  },
  "permutation_test": {
    "pvalue": 1.0,
    "score": 0.5412044883306353
  },
  "timestamp": "2025-11-24T19:33:16.065406"
}