Model,F1-score,F1-std,ROC-AUC,ROC-AUC-std,PR-AUC,PR-AUC-std,Sensitivity,Specificity,MCC
logistic_regression,0.9155555555555555,0.07620634755325442,0.9600000000000002,0.058309518948453015,0.9653333333333334,0.04837814015073794,0.9199999999999999,0.9099999999999999,0.8300000000000001
svm,0.8873737373737374,0.08004054681073751,0.932,0.05192301994298865,0.9360714285714286,0.06841624304889278,0.8699999999999999,0.9099999999999999,0.7914131991939641
random_forest,0.6653968253968253,0.1716588694117488,0.712,0.21160340261914504,0.7731111111111112,0.18088633158254042,0.64,0.71,0.35164965809277265
xgboost,0.6142857142857142,0.15613755717279917,0.7060000000000001,0.14333178293735133,0.7535714285714287,0.15200847332868925,0.5599999999999999,0.75,0.31688913125056606
